policy_family,n_cases,mean_switching_regret,max_switching_regret,mean_selected_objective_score,mean_undershoot_mV,max_undershoot_mV,mean_abs_final_vout_error_mV,mean_skip_count,mean_settle_time_us,mean_phase_spacing_std_ns
guarded_candidate,1,0,0,9.61841110579322,4.29231243924144,4.29231243924144,0.560680317866713,1,17.5560000000001,94.3809174342532
dense_anchor,2,0.168808680095411,0.337617360190821,9.94301658058483,4.29231243924144,4.29231243924144,0.556427624042122,1,25.0870000000001,91.9963258650632
fixed_probe,1,0.204511334673361,0.204511334673361,9.82292244046658,4.29231243924144,4.29231243924144,0.584855560350706,1,21.0400000000001,94.6877220437216
old_proxy_failure_probe,2,0.481427460986484,0.574627032103747,10.2556353614759,4.29231243924144,4.29231243924144,0.569478401522605,1,30.542,93.3372260355927
