policy,policy_role,online_available_inputs_only,n_cases,mean_switching_regret,max_switching_regret,mean_selected_objective_score,mean_undershoot_mV,max_undershoot_mV,mean_abs_final_vout_error_mV,mean_skip_count,mean_settle_time_us,mean_phase_spacing_std_ns,mean_base_score,mean_score_settle005,mean_score_settle010
discrete_dense_long_table,deployable_baseline,1,5,0.356528173906734,1.68814082755674,2.93365308885612,1.09524700311641,1.26719882798709,0.441061961178768,0.2,2.65000000000003,43.2422062280472,2.80115308885612,2.93365308885612,3.06615308885612
calibrated_risk_proxy_projection,deployable_candidate,1,5,1.43000254002842,2.79295188584672,4.00712745497781,1.03118429636111,1.11287107294222,0.439362842393742,0.6,11.2696,38.6550158111477,3.44364745497781,4.00712745497781,4.57060745497781
