policy_family,n_cases,mean_switching_regret,max_switching_regret,mean_selected_objective_score,mean_undershoot_mV,max_undershoot_mV,mean_abs_final_vout_error_mV,mean_skip_count,mean_settle_time_us,mean_phase_spacing_std_ns
guarded_candidate,1,0,0,9.26906693771289,4.29231243924144,4.29231243924144,0.552257662938649,1,15.9620000000001,81.3198417766397
fixed_probe,2,0.0546852587493412,0.109370517498682,9.44020068302873,4.36762028616738,4.44292813309333,0.541047698742858,1,19.031,78.9991349059243
heldout_probe,1,0.127626702727666,0.127626702727666,9.62959061357356,4.46874006679066,4.46874006679066,0.561905302514432,1,15.8580000000001,90.3022622134234
dense_anchor,1,0.215493604425395,0.215493604425395,9.71745751527129,4.41780092107569,4.41780092107569,0.554162820553206,1,21.752,82.8946886821197
old_proxy_failure_probe,1,0.793923571096895,0.793923571096895,10.2958874819428,4.39514397369833,4.39514397369833,0.555981780061887,1,28.578,95.7930864091282
