policy,n_cases,mean_switching_regret,max_switching_regret,mean_selected_objective,mean_offline_regret,mean_undershoot_mV,mean_settle_time_us,mean_skip,mean_phase_std_ns,online_available_inputs_only,best_context_count,zero_regret_context_count
discrete_dense_long_table,8,0.024979788625844934,0.11086731569420039,14.117381910151288,0.05543365784710019,7.673745939035695,19.23025000000005,1.375,89.11243663363233,1,6,6
posterior_mode_aware_projection,8,0.024979788625844934,0.11086731569420039,14.117381910151288,0.05543365784710019,7.673745939035695,19.23025000000005,1.375,89.11243663363233,0,0,6
near_opt_band_clipping,8,0.25657406374363867,0.5173398793365998,14.34897618526908,0.10444345410209976,7.64437572270603,18.037250000000025,1.375,98.61261931844162,0,2,2
calibrated_risk_proxy_projection,8,0.28310750751950753,1.0012697058709001,14.37550962904495,0.23293639782160014,7.642560717553708,22.172750000000075,1.375,95.81789641287057,1,0,3
fixed_40us_precommitted,8,0.9713966711826079,3.1769145825848994,15.06379879270805,0.22316151939854922,7.95381595581524,19.678000000000047,1.5,101.07086081555201,1,0,0
fixed_80us_precommitted,8,2.170825676584207,5.298266895198299,16.26322779810965,1.4225905248001993,7.390945085448475,41.049,1.5,102.8536596894116,1,0,0
