policy,policy_role,online_available_inputs_only,n_cases,mean_switching_regret,max_switching_regret,mean_selected_objective_score,mean_undershoot_mV,max_undershoot_mV,mean_abs_final_vout_error_mV,mean_skip_count,mean_settle_time_us,mean_phase_spacing_std_ns,mean_base_score,mean_score_settle005,mean_score_settle010
discrete_dense_long_table,deployable_baseline,1,5,0.0401958829438889,0.139915305887186,2.59625519655995,1.02378786512096,1.0943598016524,0.440629536899317,0.2,15.378,36.5918897269833,2.59625519655995,3.36515519655995,4.13405519655995
calibrated_risk_proxy_projection,deployable_candidate,1,5,0.122638364152249,0.279420199085934,2.67869767776831,1.02378786512096,1.0943598016524,0.442001915090318,0.2,16.752,40.6453948778513,2.67869767776831,3.51629767776831,4.35389767776831
