policy_family,n_cases,mean_switching_regret,max_switching_regret,mean_selected_objective_score,mean_undershoot_mV,max_undershoot_mV,mean_abs_final_vout_error_mV,mean_skip_count,mean_settle_time_us,mean_phase_spacing_std_ns
dense_anchor,3,0.0791170191889741,0.234757295989073,19.9676405741529,11.2265135362961,11.5919004786901,0.554423249073658,2.33333333333333,14.526,103.37185610582
guarded_candidate,1,0.123889980294884,0.123889980294884,19.6731964742753,11.0926204577509,11.0926204577509,0.557119158390962,2,19.444,103.952842906669
heldout_probe,5,0.189959360819486,0.553161627699794,20.1463263279801,10.8486260632723,10.9624104996224,0.554077805202513,2.4,20.3368,95.4971229752651
