policy,mean_undershoot_mV,max_undershoot_mV,mean_abs_final_vout_error_mV,mean_skip_count,mean_settle_time_us,mean_phase_spacing_std_ns,mean_base_score,mean_score_settle005,mean_score_settle010
fixed_40us_precommitted,5.70234434641096,10.8973455449204,0.517342401991194,1,13.4313333333334,81.8258900689937,9.85620454978203,10.5277712164487,11.1993378831154
fixed_80us_precommitted,5.29208332418311,10.1510195226028,0.523490008402461,1,32.1693333333334,80.949113836123,9.43455560930803,11.0430222759747,12.6514889426414
oracle_base_table,4.91178614253799,9.45126639013172,0.518276441772381,1,32.7700000000001,76.4851919809912,8.9597664239302,10.5982664239302,12.2367664239302
table_settle005,4.92496885713367,9.45126639013172,0.51871611352546,0.666666666666667,25.4766666666667,80.3082919978059,8.38318414394858,9.65701747728192,10.9308508106153
table_settle010,4.92496885713367,9.45126639013172,0.518675497932571,1,17.0646666666667,81.7614845586017,9.07887404623828,9.93210737957161,10.7853407129049
