policy,selected_us_20A,selected_us_10A,selected_us_near0A,mean_undershoot_mV,max_undershoot_mV,mean_abs_final_vout_error_mV,mean_skip_count,mean_settle_time_us,max_settle_time_us,mean_phase_spacing_std_ns,mean_base_score,mean_score_settle005,mean_score_settle010
fixed_30us,30.0,30.0,30.0,6.0380343159471535,11.5919004786901,0.5227362003175087,1.0,8.640000000000008,14.796,84.5178065444739,10.251126647154123,10.683126647154122,11.115126647154124
fixed_40us,40.0,40.0,40.0,5.702344346410967,10.8973455449204,0.5173424019911946,1.0,13.431333333333374,21.8220000000001,81.82589006899353,9.856204549782026,10.527771216448677,11.199337883115376
fixed_60us,60.0,60.0,60.0,5.44801800522506,10.4520288239951,0.5183073627665904,1.3333333333333333,24.808666666666667,35.33,77.43788566289987,10.181749747916317,11.422183081249647,12.66261641458298
fixed_80us,80.0,80.0,80.0,5.292083324183117,10.1510195226028,0.5234900084024606,1.0,32.169333333333334,47.812,80.9491138361229,9.434555609308026,11.043022275974707,12.651488942641373
oracle_base_score,80.0,80.0,60.0,5.39241975798055,10.4520288239951,0.5098154679799387,1.0,28.008666666666667,35.33,69.86206642727194,9.299476554505928,10.699909887839274,12.100343221172606
scheduler_settle005,30.0,50.0,60.0,5.5222383480854065,10.4520288239951,0.50605048525428,1.0,18.935333333333375,35.33,69.04652079738267,9.409219249287338,10.35598591595399,11.302752582620656
scheduler_settle010,30.0,30.0,30.0,6.0380343159471535,11.5919004786901,0.5227362003175087,1.0,8.640000000000008,14.796,84.5178065444739,10.251126647154123,10.683126647154122,11.115126647154124
