omega_over_pi,period_amp_ns_sim,period_amp_ns_theory,period_amp_error_pct,period_phase_error_deg,duty_amp_sim,duty_amp_theory,duty_amp_error_pct,duty_phase_error_deg,period_std_ns_after_burn
0.01,1.343394001606519,1.3433915956087426,0.00017909876643962264,1.814559628465876e-05,5.59747500669385e-05,5.597464981703094e-05,0.00017909876683930293,1.8145596233769886e-05,0.9490694910209503
0.02,0.49315270763218494,0.49315193350841563,0.00015697470021613924,3.297868196656307e-05,2.054802948467439e-05,2.0547997229517318e-05,0.00015697470030495708,3.2978681928396416e-05,0.3486456717270807
0.05,0.37717189342399327,0.3771718594194334,9.015667279399509e-06,2.190440293098267e-05,1.571549555933319e-05,1.571549414247639e-05,9.015668167577928e-06,2.190440310909373e-05,0.26666732661408754
0.1,1.1811316337019708,1.1811315293818698,8.832217091025996e-06,-2.572348568124127e-05,4.92138180709156e-05,4.921381372424458e-05,8.832217401888443e-06,-2.5723485617630175e-05,0.8351273754165698
0.2,2.415336852339669,2.4153366266238154,9.34510955286072e-06,1.4652199929282683e-05,0.00010063903551415203,0.00010063902610932562,9.345108731295682e-06,1.4652199687560529e-05,1.7080054595827812
0.35,3.7051461527740757,3.7051463568110234,-5.506852585046573e-06,2.151054057044763e-05,0.0001543810896989204,0.0001543810982004593,-5.506852207570745e-06,2.1510540608614287e-05,2.6198516736646833
0.5,4.47753173937198,4.477529712534411,4.5266870341009735e-05,4.0665509196734654e-05,0.00018656382247383253,0.00018656373802226707,4.5266870363214196e-05,4.066550921581798e-05,3.166094432176926
0.7,5.0131536077253775,5.013150247463814,6.702894181920271e-05,1.693680929661216e-06,0.0002088814003218903,0.00020888126031099225,6.702894164156703e-05,1.6936808883140052e-06,3.5446719245435854
