omega_over_pi,memory_pole,k0,k1,tau_amp_ns_sim,tau_amp_ns_theory,tau_amp_error_pct,tau_phase_error_deg,duty_amp_sim,duty_amp_theory,duty_amp_error_pct,duty_phase_error_deg
0.02,0.35,-0.004121562293854554,0.0015352198539622917,11.14799873228975,11.147998732290066,-2.8532731732866523e-12,1.2722218725854067e-14,7.003342047665078e-05,7.00334204766486e-05,3.1086244689504383e-12,2.0355549961366507e-13
0.05,0.35,-0.004121562293854554,0.0015352198539622917,4.425435429363907,4.425435429363873,7.771561172376096e-13,1.526666247102488e-13,6.944313239797017e-05,6.944313239797134e-05,-1.6764367671839864e-12,-2.5444437451708134e-14
0.1,0.35,-0.004121562293854554,0.0015352198539622917,2.1563576016835033,2.156357601683486,7.993605777301127e-13,1.2722218725854067e-13,6.746572957095612e-05,6.746572957095829e-05,-3.2085445411667024e-12,-2.0355549961366507e-13
0.2,0.35,-0.004121562293854554,0.0015352198539622917,0.989245889154433,0.9892458891544361,-3.1086244689504383e-13,5.088887490341627e-13,6.113875827285278e-05,6.113875827285526e-05,-4.052314039881821e-12,-1.3994440598439474e-12
0.35,0.35,-0.004121562293854554,0.0015352198539622917,0.4864000032382727,0.4864000032382726,2.220446049250313e-14,1.7811106216195694e-13,5.082866071396619e-05,5.082866071396607e-05,2.4424906541753444e-13,2.5444437451708134e-13
0.5,0.35,-0.004121562293854554,0.0015352198539622917,0.3043121477229646,0.30431214772296383,2.4424906541753444e-13,-1.2722218725854067e-13,4.303623665047076e-05,4.303623665047002e-05,1.709743457922741e-12,3.8166656177562204e-13
0.7,0.35,-0.004121562293854554,0.0015352198539622917,0.20659082310666707,0.2065908231066666,2.4424906541753444e-13,-1.0177774980683254e-13,3.68147542450968e-05,3.6814754245096986e-05,-4.996003610813204e-13,2.5444437451708134e-14
