case,events,burn,max_abs_wait_exact_ns,rms_wait_exact_ns,rms_wait_pred_ns,rms_wait_error_ps,rms_wait_error_pct,max_wait_error_ps,max_wait_error_pct_of_peak,max_state_error,max_current_error_mA
lambda_m2_1e_13,800,80,0.06527151195610806,0.06192489667075721,0.06192491715128745,0.0007773103313813667,0.0012552468767355021,0.001424235753319512,0.0021820174079577657,1.6606685236154883e-08,1.68809544121018e-05
lambda_one_phase_1e_13,800,80,0.06548588136309336,0.035801103825248294,0.03580032145848142,0.0008904084288811119,0.0024870976973988225,0.002530818163633008,0.003864677562481935,1.030479113321779e-08,1.4153714644749016e-05
ton_m2_0p02ns,800,80,8.023601386192578,6.119299494905409,6.120262536593843,45.46215668517017,0.7429307345231174,90.19774662624013,1.1241553796709918,0.0012723856303189021,1.2802230641417722
mixed_lambda_ton_small,800,80,4.051067572308074,1.8005105383290294,1.786803839163559,14.56344740501502,0.8088509950367012,45.87010819301386,1.1322967927409717,0.00020551102210121866,0.27358105631414276
