omega_over_pi,tau_amp_ns_sim,tau_amp_ns_theory,tau_amp_error_pct,tau_phase_error_deg,duty_amp_sim,duty_amp_theory,duty_amp_error_pct,duty_phase_error_deg
0.02,0.7714979896749992,0.7714979896749903,1.1546319456101628e-12,6.202081628853858e-14,4.8466674965881834e-06,4.846667496588288e-06,-2.1538326677728037e-12,-1.0177774980683254e-13
0.05,0.7622946270213578,0.7622946270213375,2.6645352591003757e-12,3.721248977312315e-13,1.196178942285784e-05,1.1961789422857797e-05,3.774758283725532e-13,7.63333123551244e-14
0.1,0.7321526334732354,0.7321526334732548,-2.6423307986078726e-12,2.0355549961366507e-13,2.290678110903698e-05,2.2906781109036966e-05,6.661338147750939e-14,-5.088887490341627e-14
0.2,0.6419975800250267,0.6419975800250245,3.3306690738754696e-13,-5.470554052117249e-13,3.967763251506449e-05,3.967763251506457e-05,-1.9984014443252818e-13,7.63333123551244e-14
0.35,0.5111244190491935,0.5111244190491911,4.440892098500626e-13,-3.81666561775622e-14,5.341235506889512e-05,5.341235506889513e-05,-2.220446049250313e-14,2.0355549961366507e-13
0.5,0.42182454060960245,0.42182454060959773,1.1102230246251565e-12,3.434999055980598e-13,5.965499862718892e-05,5.9654998627189366e-05,-7.549516567451064e-13,1.526666247102488e-13
0.7,0.3548776775323649,0.3548776775323631,5.10702591327572e-13,-5.59777623937579e-13,6.323966519403066e-05,6.323966519403027e-05,6.217248937900877e-13,-5.088887490341627e-14
