policy,policy_role,online_available_inputs_only,n_cases,mean_switching_regret,max_switching_regret,mean_selected_objective_score,mean_undershoot_mV,max_undershoot_mV,mean_abs_final_vout_error_mV,mean_skip_count,mean_settle_time_us,mean_phase_spacing_std_ns,mean_base_score,mean_score_settle005,mean_score_settle010
discrete_dense_long_table,deployable_baseline,1,1,0,0,10.0080780723436,4.84748739227403,4.84748739227403,0.538008058053707,1,20.5380000000001,79.7841311007952,8.98117807234364,10.0080780723436,11.0349780723436
posterior_mode_aware_projection,posterior_upper_bound,0,1,0,0,10.0080780723436,4.84748739227403,4.84748739227403,0.538008058053707,1,20.5380000000001,79.7841311007952,8.98117807234364,10.0080780723436,11.0349780723436
near_opt_band_clipping,offline_comparator,0,1,0.208886908204162,0.208886908204162,10.2169649805478,5.14617078943369,5.14617078943369,0.548709062765607,1,15.2280000000001,88.0342564174254,9.45556498054781,10.2169649805478,10.9783649805478
fixed_40us_precommitted,baseline,1,1,0.253761990440807,0.253761990440807,10.2618400627845,5.01028636671008,5.01028636671008,0.54894246574877,1,17.534,91.29556151628,9.38514006278445,10.2618400627845,11.1385400627845
calibrated_risk_proxy_projection,deployable_candidate,1,1,0.355005479948977,0.355005479948977,10.3630835522926,4.73912126375797,4.73912126375797,0.547343816873713,1,27.3860000000001,85.3659235830467,8.99378355229262,10.3630835522926,11.7323835522926
fixed_80us_precommitted,baseline,1,1,0.531267688630612,0.531267688630612,10.5393457609743,4.63087064829415,4.63087064829415,0.550516960481362,1,34.286,82.1829076099372,8.82504576097426,10.5393457609743,12.2536457609743
