policy,mean_undershoot_mV,max_undershoot_mV,mean_abs_final_vout_error_mV,mean_skip_count,mean_settle_time_us,mean_phase_spacing_std_ns,mean_base_score,mean_score_settle005,mean_score_settle010
fixed_40us_precommitted,5.70234434641096,10.8973455449204,0.517342401991194,1,13.4313333333334,81.8258900689937,9.85620454978203,10.5277712164487,11.1993378831154
fixed_80us_precommitted,5.29208332418311,10.1510195226028,0.523490008402461,1,32.1693333333334,80.949113836123,9.43455560930803,11.0430222759747,12.6514889426414
oracle_base_table,5.12237305435991,10.1510195226028,0.523033927241635,0.777777777777778,28.5435555555556,75.916159400835,8.7192857251738,10.1464635029516,11.5736412807294
table_settle005,5.16755516864187,10.1510195226028,0.51294490079142,0.888888888888889,19.8468888888889,71.5964217810235,8.89020628283154,9.88255072727598,10.8748951717204
table_settle010,5.39315852550331,10.9298746859956,0.518029119931966,1,9.48088888888893,79.4936687643891,9.50106102072306,9.9751054651675,10.449149909612
