policy,policy_role,online_available_inputs_only,n_cases,mean_switching_regret,max_switching_regret,mean_selected_objective_score,mean_undershoot_mV,max_undershoot_mV,mean_abs_final_vout_error_mV,mean_skip_count,mean_settle_time_us,mean_phase_spacing_std_ns,mean_base_score,mean_score_settle005,mean_score_settle010
near_opt_band_clipping,offline_comparator,0,2,0,0,14.4809135244223,7.72524840673033,11.0926204577509,0.5533664115282,1.5,18.235,90.2224353081881,13.0830635244223,13.9948135244223,14.9065635244223
discrete_dense_long_table,deployable_baseline,1,2,0.0999191545033762,0.11086731569419,14.5808326789257,7.96719102013299,11.5919004786901,0.548281240086823,1.5,19.371,86.345520935293,13.2423826789257,14.2109326789257,15.1794826789257
posterior_mode_aware_projection,posterior_upper_bound,0,2,0.0999191545033762,0.11086731569419,14.5808326789257,7.96719102013299,11.5919004786901,0.548281240086823,1.5,19.371,86.345520935293,13.2423826789257,14.2109326789257,15.1794826789257
calibrated_risk_proxy_projection,deployable_candidate,1,2,0.556068510782545,1.0012697058709,15.0369820352048,7.96719102013299,11.5919004786901,0.5623657052376,1.5,21.96,101.976265491713,13.5690820352048,14.6670820352048,15.7650820352048
fixed_40us_precommitted,baseline,1,2,0.582885268285734,0.973209488215151,15.063798792708,7.95381595581524,10.8973455449204,0.559115620581752,1.5,19.6780000000001,101.070860815552,13.534348792708,14.518248792708,15.502148792708
fixed_80us_precommitted,baseline,1,2,1.78231427368734,2.31391336096972,16.2632277981096,7.39094508544846,10.1510195226028,0.567459518872937,1.5,41.049,102.853659689412,13.0154777981096,15.0679277981096,17.1203777981096
