policy,policy_role,online_available_inputs_only,n_cases,mean_switching_regret,max_switching_regret,mean_selected_objective_score,mean_undershoot_mV,max_undershoot_mV,mean_abs_final_vout_error_mV,mean_skip_count,mean_settle_time_us,mean_phase_spacing_std_ns,mean_base_score,mean_score_settle005,mean_score_settle010
discrete_dense_long_table,deployable_baseline,1,2,0,0,9.83075363296317,4.6068390233916,4.67957001179586,0.541190671546621,1,22.5,77.8861969012475,8.70575363296317,9.83075363296317,10.9557536329632
posterior_mode_aware_projection,posterior_upper_bound,0,2,0,0,9.83075363296317,4.6068390233916,4.67957001179586,0.541190671546621,1,22.5,77.8861969012475,8.70575363296317,9.83075363296317,10.9557536329632
near_opt_band_clipping,offline_comparator,0,2,0.251637246422673,0.347072684664798,10.0823908793858,4.74670309994418,4.86253555159422,0.571214995458369,1,14.137,102.881139199164,9.37554087938584,10.0823908793858,10.7892408793858
calibrated_risk_proxy_projection,deployable_candidate,1,2,0.398858779321012,0.606806677233516,10.2296124122842,4.53628120172167,4.60382233665269,0.554753306149403,1,28.2570000000001,86.2863952206552,8.81676241228418,10.2296124122842,11.6424624122842
fixed_40us_precommitted,baseline,1,2,0.431086429821285,0.579291428467954,10.2618400627845,5.01028636671008,5.01028636671008,0.54894246574877,1,17.534,91.29556151628,9.38514006278445,10.2618400627845,11.1385400627845
fixed_80us_precommitted,baseline,1,2,0.708592128011089,0.856797126657758,10.5393457609743,4.63087064829415,4.63087064829415,0.550516960481362,1,34.286,82.1829076099372,8.82504576097426,10.5393457609743,12.2536457609743
