policy,policy_role,online_available_inputs_only,n_cases,mean_switching_regret,max_switching_regret,mean_selected_objective_score,mean_undershoot_mV,max_undershoot_mV,mean_abs_final_vout_error_mV,mean_skip_count,mean_settle_time_us,mean_phase_spacing_std_ns,mean_base_score,mean_score_settle005,mean_score_settle010
discrete_dense_long_table,deployable_baseline,1,5,0.160673946899956,0.489643309913918,10.3797330535305,4.70272286628122,5.25500364116427,0.55960782998743,1,12.2604,94.5681178630908,9.15369305353046,9.76671305353047,10.3797330535305
calibrated_risk_proxy_projection,deployable_candidate,1,5,0.169973445531157,0.691758447448434,10.3890325521617,4.6797231817268,5.18878165533221,0.560179602131572,1,13.7568,88.6724884151644,9.01335255216166,9.70119255216166,10.3890325521617
