policy,policy_role,online_available_inputs_only,n_cases,mean_switching_regret,max_switching_regret,mean_selected_objective_score,mean_undershoot_mV,max_undershoot_mV,mean_abs_final_vout_error_mV,mean_skip_count,mean_settle_time_us,mean_phase_spacing_std_ns,mean_base_score,mean_score_settle005,mean_score_settle010
discrete_dense_long_table,deployable_baseline,1,3,0,0,18.0359348616963,10.4648066776541,10.9298746859956,0.554715342074334,1.66666666666667,16.5206666666667,101.550642098394,16.3838681950297,17.209901528363,18.0359348616963
calibrated_risk_proxy_projection,deployable_candidate,1,3,0,0,18.0359348616963,10.4648066776541,10.9298746859956,0.554715342074334,1.66666666666667,16.5206666666667,101.550642098394,16.3838681950297,17.209901528363,18.0359348616963
posterior_mode_aware_projection,posterior_upper_bound,0,3,0,0,18.0359348616963,10.4648066776541,10.9298746859956,0.554715342074334,1.66666666666667,16.5206666666667,101.550642098394,16.3838681950297,17.209901528363,18.0359348616963
near_opt_band_clipping,offline_comparator,0,3,0.446810369633162,0.517339879336546,18.4827452313295,10.3549773262885,10.7529602766298,0.552504244271631,1.66666666666667,21.442,104.886516371801,16.3385452313295,17.4106452313295,18.4827452313295
fixed_40us_precommitted,baseline,1,3,1.82982266093528,3.1769145825849,19.8657575226316,10.8973455449204,10.8973455449204,0.569288775414734,2,21.8220000000001,110.846160114824,17.6835575226316,18.7746575226316,19.8657575226316
fixed_80us_precommitted,baseline,1,3,3.95117497354869,5.29826689519831,21.987109835245,10.1510195226028,10.1510195226028,0.584402077264512,2,47.812,123.524411768886,17.205909835245,19.596509835245,21.987109835245
