load_step_offset_us,a0_peak_mV,a2_peak_mV,a2_minus_a0_peak_mV,peak_improvement_mV,a0_t_peak_us,a2_t_peak_us,a0_secondary_undershoot_mV,a2_secondary_undershoot_mV,a2_minus_a0_undershoot_mV,a0_final_error_mV,a2_final_error_mV,a2_minus_a0_final_error_mV,a2_trunc_duration_us,a2_trunc_edge_count,a2_remaining_ton4_ns,a2_total_ton_min_hits
0.05,2.11033004942607,2.11033004942607,0,0,9.45400000000005,9.45400000000005,-0.89094914066401,-0.89094914066401,0,-0.439674881791308,-0.439674881791308,0,0.518000000000025,1,52.0000000000598,1036
0.105,2.0935647513205,2.0935647513205,0,0,8.38900000000003,8.38900000000003,-0.899133797393703,-0.899133797393703,0,-0.434362156482515,-0.434362156482515,0,0,0,0,0
