load_step_offset_us,a0_peak_mV,a2_peak_mV,a2_minus_a0_peak_mV,peak_improvement_mV,a0_t_peak_us,a2_t_peak_us,a0_secondary_undershoot_mV,a2_secondary_undershoot_mV,a2_minus_a0_undershoot_mV,a0_final_error_mV,a2_final_error_mV,a2_minus_a0_final_error_mV,a2_trunc_duration_us,a2_trunc_edge_count,a2_remaining_ton4_ns,a2_total_ton_min_hits
0.05,3.99083812614309,3.38726274091905,-0.603575385224042,0.603575385224042,0.962000000000076,0.828000000000081,-3.18209506739897,-1.15421256154002,2.02788250585895,-0.547068317180321,-0.578078187930875,-0.0310098707505535,1.87000000000001,1,2.0000000000857,3740
0.105,3.76072210866751,3.76072210866751,0,0,0.907000000000024,0.907000000000024,-2.11359043470538,-2.11359043470538,0,-0.599324705094495,-0.599324705094495,0,1.99999999999999,1,0,4000
