case,success,error_message,tr_count,req_count,req_high_fraction,phase_coverage_count,a_reset_fraction,vout_mean_V,vout_ripple_pp_mV,il1_mean_A,il2_mean_A,il3_mean_A,il4_mean_A,il_phase_imbalance_A,qh_frequency_mean_Hz,qh_frequency_spread_Hz,tr_period_mean_ns,tr_period_jitter_ns,pass_short,pass_steady
short_50us,1,,101,30,0.83533173461231,4,0,0.979646213285812,37.8138172534855,10.7876638782722,10.1171615249746,9.32251050207241,8.68760705579125,2.10005682248091,506894.477463531,465.278408538492,492.86,50.610219752856,1,1
steady_0p5ms,1,,1002,934,0.284137269018479,4,0,0.998203176193406,0.857847768811704,10.0011062455768,9.96810403231437,9.97501804172728,9.97122761724197,0.0330022132624617,501353.252923669,927.782013095915,498.867924528302,25.6594328900871,1,1
